{"cameraMode":{"drawMode":0,"name":"Shaded","section":"Shading Mode"},"sceneLighting":true,"audioPlay":false,"sceneViewState":{"m_AlwaysRefresh":false,"showFog":true,"showSkybox":true,"showFlares":true,"showImageEffects":true,"showParticleSystems":true,"showVisualEffectGraphs":true,"m_FxEnabled":true},"in2DMode":false,"pivot":{"x":2.871842384338379,"y":0.5239999294281006,"z":-0.012153014540672303},"rotation":{"x":-0.03127169981598854,"y":0.11907035857439041,"z":-0.0037548914551734926,"w":-0.9924169182777405},"size":0.7849814891815186,"orthographic":false}